PersonID,InsuranceType,LoanStatus,MembershipLevel,LastPurchaseAmount,PreferredContactMethod,NewsletterSubscribed,LoyaltyPoints
522,Premium,Approved,Silver,154.77721788807344,Email,0,4171
738,Basic,Approved,Bronze,167.14330727180666,Email,0,925
741,Premium,Pending,Bronze,146.9828982509656,Mail,0,3734
661,Basic,Approved,Platinum,37.62609058083342,Phone,0,969
412,None,Pending,Platinum,261.08728804958844,SMS,0,1094
679,Basic,Denied,Bronze,300.56479653512747,Mail,1,3195
627,Basic,Pending,Gold,78.52408448282078,SMS,0,1404
514,Basic,Approved,Bronze,299.50823460690515,Email,0,3364
860,Basic,Approved,Platinum,191.75814388822275,SMS,0,4290
137,None,Pending,Gold,298.01058785342997,Phone,1,3982
812,None,Pending,Gold,203.03603490323567,Phone,1,4323
77,Premium,Approved,Bronze,210.8435673726904,Email,1,4013
637,None,Denied,Platinum,229.794771758577,Phone,0,4556
974,None,Denied,Platinum,136.79469398917774,Phone,1,4713
939,Premium,Pending,Gold,295.57393154624174,Mail,1,3092
900,None,Denied,Bronze,110.28954895401722,SMS,1,4159
281,Basic,Approved,Silver,167.83466043866633,Email,0,2074
884,Basic,Pending,Silver,241.9411742114535,Email,1,284
762,Premium,Approved,Platinum,159.2643807611629,Email,0,4933
320,Premium,Approved,Silver,262.2024992651955,Email,0,4926
550,Premium,Denied,Platinum,310.06929385471653,Email,1,1187
175,Basic,Pending,Platinum,281.00368008430695,Phone,0,3969
372,None,Pending,Platinum,45.11077490571029,Mail,1,2965
528,Basic,Denied,Silver,210.06775756954858,Email,0,4319
211,Premium,Approved,Platinum,282.2946088557114,Mail,1,783
236,None,Approved,Gold,94.66009225423545,Mail,1,949
102,None,Approved,Bronze,257.88884697830997,Phone,1,3939
987,Basic,Approved,Bronze,253.39686253114496,Email,0,44
903,Premium,Pending,Platinum,103.03280864493878,Phone,1,1810
948,Basic,Pending,Bronze,266.7386132592129,Email,0,4566
347,None,Denied,Silver,221.8158234823948,Phone,1,2081
140,Basic,Denied,Silver,252.0305430977015,Mail,0,3498
622,Basic,Pending,Bronze,122.6950091387894,Email,0,829
500,Premium,Pending,Silver,212.01088930971076,SMS,1,1909
371,Premium,Approved,Bronze,63.6097156694141,Mail,1,2581
199,None,Approved,Bronze,17.840703397355924,SMS,1,691
688,Basic,Denied,Bronze,211.26627412221998,Mail,1,4019
585,Basic,Pending,Platinum,288.04780854090484,Phone,1,931
902,Basic,Denied,Bronze,220.2349451412064,Email,0,4936
60,None,Pending,Platinum,194.92431488446834,Mail,1,3406
329,None,Approved,Bronze,184.99727039561014,Phone,1,147
97,Premium,Denied,Bronze,124.59476868455475,Email,0,1032
313,Premium,Denied,Bronze,182.2511276963755,Email,1,1311
975,Premium,Pending,Silver,233.73475746115557,Mail,1,387
300,Basic,Approved,Platinum,165.18222137594972,Email,0,3121
278,Basic,Denied,Platinum,260.04694830686213,Mail,1,1873
925,Premium,Approved,Bronze,215.67800270916823,Email,1,3588
602,Basic,Denied,Bronze,225.35835342187252,SMS,1,915
440,Premium,Approved,Silver,271.09302028407683,Phone,0,1878
838,None,Pending,Silver,157.85956538760075,SMS,1,3748
571,Premium,Denied,Silver,252.75044689495613,Mail,0,277
880,None,Denied,Platinum,169.08186261984207,SMS,1,1977
262,Basic,Approved,Platinum,227.1611587055072,Mail,0,1859
579,Premium,Approved,Platinum,148.33829194907452,Email,1,3036
24,Basic,Denied,Bronze,127.14369415482142,Email,0,3371
31,None,Pending,Platinum,207.3491796518795,Mail,0,4713
618,None,Approved,Gold,49.183995838310636,SMS,0,2182
11,None,Approved,Gold,176.29860451928946,Email,0,4675
222,Basic,Approved,Silver,71.48983955126556,Phone,0,1170
821,Basic,Denied,Platinum,262.3387227450886,Email,0,489
297,Basic,Denied,Gold,284.00884768871316,Phone,1,2525
55,Basic,Denied,Silver,130.8839022863355,SMS,1,1182
543,None,Denied,Platinum,234.2650369978797,Phone,0,4479
210,None,Pending,Bronze,271.93085709499934,Phone,0,4258
605,Premium,Pending,Gold,272.19753780014264,Phone,0,2488
693,Premium,Denied,Bronze,217.15606671773128,Phone,0,1876
663,Basic,Pending,Platinum,258.74437404491977,Email,1,2462
867,None,Approved,Gold,148.05349504636848,Phone,0,1630
71,None,Approved,Platinum,206.6497972525344,Email,1,287
544,None,Approved,Bronze,162.6317274567379,Phone,1,4282
108,Premium,Denied,Gold,141.29696209717088,Mail,0,1907
494,Premium,Approved,Bronze,202.88507131757018,SMS,0,1161
591,None,Pending,Platinum,227.80243009264595,Phone,1,129
742,None,Denied,Platinum,293.08070143639895,Mail,1,2363
293,None,Pending,Bronze,221.21244218391098,Phone,0,143
290,Premium,Approved,Gold,251.3544427969241,Phone,0,15
653,None,Approved,Bronze,252.26265385996302,Phone,0,244
40,None,Approved,Platinum,415.00274925575684,Mail,1,926
590,Basic,Denied,Bronze,55.197407738193675,SMS,1,3178
308,Basic,Pending,Platinum,144.96529065302576,Mail,0,2176
680,Premium,Denied,Bronze,317.92448419904645,SMS,1,886
67,None,Denied,Gold,171.83895401172208,Phone,1,340
276,None,Approved,Gold,270.86425100813756,Email,0,2051
68,Basic,Denied,Bronze,218.40076190102693,Phone,0,3398
319,Premium,Denied,Bronze,368.4161920966409,SMS,1,3950
549,Basic,Approved,Gold,110.95564583490304,Mail,1,305
999,Basic,Denied,Platinum,297.74404420150506,Phone,0,907
715,Basic,Approved,Gold,339.9665044217999,Mail,0,2654
754,Basic,Approved,Platinum,118.84648982656003,Mail,0,3792
328,None,Approved,Bronze,262.6296194865077,Mail,0,4042
383,None,Approved,Bronze,122.76016113367555,Phone,0,1371
452,Basic,Denied,Platinum,202.41292580280998,Mail,1,320
523,Premium,Approved,Bronze,179.4729655854261,Mail,1,4654
219,Premium,Approved,Platinum,7.779685208025029,Phone,1,4059
788,Premium,Denied,Silver,233.9387407769519,Mail,1,1131
437,Premium,Denied,Gold,211.46713340849848,Phone,0,2578
765,Basic,Pending,Silver,318.32631787246083,SMS,0,4042
89,None,Denied,Platinum,248.8914923719634,SMS,0,3367
64,Premium,Denied,Gold,383.270713926301,SMS,1,817
827,Basic,Pending,Platinum,208.5633905662971,Mail,1,11
717,Premium,Denied,Gold,191.5575958398154,Email,1,194
352,Premium,Denied,Gold,185.25146794263233,Email,0,2537
937,Basic,Denied,Gold,164.8329031174581,Mail,1,2842
257,None,Denied,Gold,23.379926689394495,Email,0,2229
636,None,Pending,Platinum,182.3844298393634,Phone,0,3009
645,Basic,Denied,Gold,34.57162188512061,Email,0,4751
555,None,Denied,Gold,236.1626675668615,Mail,0,2077
960,Basic,Pending,Silver,100.79517660235325,Mail,0,3867
169,Basic,Approved,Bronze,128.45339015292643,Phone,0,4873
918,Basic,Pending,Bronze,146.44718441339586,SMS,1,443
529,None,Approved,Silver,183.60519697494038,Mail,0,297
824,Basic,Pending,Silver,200.54946039512296,Phone,0,4903
986,Premium,Pending,Platinum,286.7583666458456,Email,1,844
817,None,Denied,Platinum,153.7975925193957,Email,0,1015
87,None,Approved,Platinum,238.41169089778958,Phone,1,1384
433,None,Denied,Silver,418.4693786578854,Phone,1,1397
185,None,Approved,Silver,230.1880562210584,Mail,1,553
979,Premium,Pending,Gold,185.5608168854693,Email,0,2350
535,None,Pending,Platinum,137.66786784573623,Phone,0,4516
295,None,Approved,Platinum,184.45347636637374,Email,1,1269
893,Basic,Denied,Platinum,129.10237251124755,Phone,0,1260
426,None,Denied,Bronze,221.4929141347018,Email,0,184
714,Premium,Denied,Gold,208.28353109115145,SMS,1,4563
261,Premium,Denied,Platinum,27.022462326576544,Mail,1,2410
238,Premium,Pending,Platinum,198.5153595387146,Email,0,4431
560,Premium,Pending,Platinum,286.09170501120104,SMS,1,2209
584,None,Pending,Bronze,168.07105182378,Email,1,3672
446,None,Pending,Bronze,147.76825820707504,Email,1,4683
868,Premium,Pending,Silver,89.7839381506518,SMS,0,1881
801,Premium,Denied,Gold,51.360636670047654,Email,0,4296
600,None,Denied,Silver,266.50794136506033,Email,0,521
850,Premium,Denied,Gold,185.4817336336643,Mail,1,1887
266,Basic,Denied,Bronze,261.76172496027385,SMS,0,2552
996,Premium,Pending,Platinum,322.5058995663575,SMS,1,3809
530,Premium,Pending,Silver,273.6998147928276,Phone,0,4883
56,Basic,Pending,Platinum,156.61021428489633,Email,0,4155
121,Basic,Approved,Silver,211.58941317260442,Mail,1,4673
216,None,Denied,Bronze,150.81817078744655,Email,0,4416
26,None,Denied,Bronze,143.33692299186694,Email,1,3479
73,Basic,Pending,Bronze,227.4252129922099,Phone,0,1409
45,Basic,Denied,Silver,133.41648935054621,Email,0,1694
248,None,Denied,Gold,23.267870472903923,Mail,1,4664
722,Premium,Pending,Silver,128.9481683418099,Mail,1,526
282,Basic,Approved,Gold,175.44950810501018,Phone,1,2660
894,None,Approved,Silver,321.71187982655374,Email,0,2172
915,Premium,Approved,Silver,160.72500401029077,Mail,0,4966
811,Basic,Pending,Bronze,240.953927282342,Email,0,279
245,Premium,Denied,Platinum,186.53534128303446,Email,1,2964
823,None,Pending,Platinum,298.1124115096307,Email,1,3977
322,Basic,Pending,Gold,292.5677108371167,Phone,1,2669
644,Premium,Denied,Platinum,294.0940084191936,Email,0,2893
159,Basic,Approved,Silver,61.2813176466118,Mail,0,1751
978,Premium,Approved,Silver,216.53792377959954,Email,1,3981
430,None,Pending,Bronze,260.71508800975585,Mail,0,4769
942,None,Approved,Bronze,230.52308500714648,Email,1,2361
463,Basic,Pending,Platinum,250.92770606574635,Mail,0,4427
310,Premium,Pending,Gold,204.6680803428382,Mail,0,4131
698,Basic,Denied,Platinum,140.41726346187784,Email,1,1708
61,Basic,Denied,Platinum,64.23220920109986,Email,0,2686
885,Premium,Denied,Platinum,148.35444570812197,Mail,0,2895
596,Premium,Pending,Platinum,414.2487898910714,SMS,1,4535
768,Premium,Denied,Silver,161.14790591274624,Phone,1,2776
650,None,Approved,Gold,43.2487819127405,SMS,0,1119
651,Basic,Approved,Silver,258.6119488583266,SMS,1,2988
866,Basic,Pending,Gold,268.4368006946116,Email,0,4259
669,None,Pending,Bronze,302.98595121217124,Phone,1,4243
299,Premium,Denied,Platinum,237.67828029654243,SMS,0,194
690,None,Pending,Silver,267.6481211573561,Email,0,662
315,None,Pending,Gold,347.2173707873593,SMS,1,479
311,None,Approved,Bronze,140.36212063503078,SMS,0,4218
362,Basic,Approved,Bronze,124.4919435661026,Email,0,1423
480,None,Denied,Platinum,112.43307683576569,Email,1,2708
111,Basic,Pending,Gold,178.73843308048134,Email,1,3175
990,Basic,Pending,Silver,314.67379358601346,Phone,0,3814
487,Basic,Approved,Platinum,242.2454694196988,SMS,1,2014
364,Premium,Pending,Silver,239.09535621673746,Email,1,3789
255,Basic,Approved,Bronze,54.45536570682211,Mail,0,4805
260,Basic,Denied,Silver,144.54505382108647,SMS,0,2443
803,Premium,Approved,Silver,53.147389371037036,Mail,1,911
678,Basic,Pending,Platinum,293.6996631457235,Phone,1,3213
495,None,Denied,Silver,326.8517194308586,Email,1,2364
671,None,Approved,Platinum,262.36533817923055,Mail,0,3629
378,Basic,Approved,Bronze,121.0571163408364,Phone,0,3472
527,Premium,Denied,Platinum,318.56179948926325,Email,0,680
846,None,Denied,Platinum,179.7396071979832,Mail,0,4651
138,Premium,Approved,Gold,102.84325753978707,Mail,0,609
356,Premium,Pending,Silver,122.84765963106462,Phone,0,2156
366,None,Approved,Bronze,165.58746915265306,Email,0,3866
943,Premium,Denied,Platinum,203.96628163877654,Email,1,371
750,None,Approved,Bronze,187.0924630678565,Mail,1,615
949,Premium,Denied,Gold,86.98652654631783,Mail,0,2253
830,None,Denied,Silver,297.0653127348513,Mail,0,4942
657,Basic,Pending,Platinum,187.95152644505254,Email,0,4138
200,None,Denied,Silver,142.89969149834792,Phone,1,864
214,None,Denied,Gold,288.8241889586211,Phone,0,1268
409,None,Pending,Gold,105.3275049386775,Email,1,784
333,None,Denied,Bronze,69.68878531403882,SMS,1,4571
209,Premium,Pending,Platinum,301.7989957278991,Phone,1,4178
614,Basic,Pending,Bronze,351.3110279640271,Mail,1,2237
79,None,Denied,Gold,163.03231850788814,SMS,1,4054
30,Premium,Denied,Silver,196.3223993666284,SMS,0,4895
536,Basic,Approved,Bronze,108.26682283832773,Phone,0,935
696,Basic,Pending,Bronze,200.43940401947145,SMS,1,3980
558,Basic,Approved,Silver,161.94357890150425,SMS,0,2338
837,Basic,Denied,Bronze,191.82972479720004,Phone,1,325
597,None,Approved,Silver,232.7406710077794,Phone,1,1534
166,None,Pending,Platinum,112.14836175753227,SMS,0,3480
919,Premium,Approved,Silver,171.0550928613946,Mail,0,3861
496,Premium,Pending,Platinum,55.69748625774574,Email,0,1985
825,Premium,Denied,Silver,171.60101727093695,SMS,0,4932
66,Basic,Denied,Gold,192.52527432664004,SMS,0,4603
142,Basic,Pending,Gold,218.31859400488625,Mail,1,2778
926,None,Denied,Platinum,219.1661232290567,SMS,0,1270
828,Basic,Denied,Platinum,272.31382005894847,SMS,0,640
656,Basic,Denied,Gold,76.82667845813441,Email,0,4703
332,Basic,Denied,Platinum,81.09783760397649,Email,1,4078
665,Premium,Pending,Silver,242.31663491140162,Email,0,4661
250,Premium,Approved,Silver,36.883097839566716,Phone,1,1367
908,None,Approved,Gold,214.66401696839944,Phone,0,4042
709,Basic,Denied,Bronze,105.5765648328085,Email,0,2575
306,Basic,Approved,Silver,325.8251712733745,Email,1,3603
735,None,Approved,Platinum,220.0361926182222,Phone,0,1581
976,Basic,Denied,Bronze,182.46751842295507,Mail,0,1986
50,Basic,Denied,Bronze,298.2176701711343,SMS,1,2240
897,Premium,Approved,Silver,114.92783947432393,SMS,0,3966
3,None,Pending,Silver,130.12722927297534,Email,1,2105
545,None,Denied,Bronze,99.08361330759128,Mail,1,128
351,None,Pending,Bronze,130.79686189208056,Phone,1,4801
905,None,Approved,Gold,204.88924874939102,Email,1,3996
537,Premium,Denied,Platinum,239.51614975949764,Mail,1,851
345,Premium,Pending,Gold,276.91373482940344,Mail,0,4103
995,Basic,Denied,Silver,54.02207624794087,Mail,0,2076
482,Basic,Approved,Gold,186.25096108293667,Phone,0,2994
576,Basic,Pending,Gold,111.34683750473586,Phone,1,3744
34,Basic,Approved,Gold,183.57703268095193,SMS,1,2756
32,Premium,Approved,Gold,386.7330864101632,SMS,1,1644
232,None,Denied,Platinum,223.3489409600012,Mail,1,4371
964,Premium,Pending,Platinum,271.9571976918597,Mail,0,3144
193,Basic,Approved,Bronze,356.85530177288376,Phone,0,242
334,Premium,Approved,Silver,290.1886594539807,SMS,1,4085
4,None,Pending,Gold,164.16684162504123,Mail,1,170
205,None,Approved,Bronze,97.93343307440495,SMS,0,652
515,Premium,Approved,Bronze,197.5884584383319,SMS,1,3512
800,Premium,Pending,Bronze,154.58353726250516,Mail,1,1499
307,Premium,Pending,Platinum,78.03829707046606,Phone,1,2099
110,Basic,Pending,Gold,219.27399978315748,Mail,0,2158
431,Premium,Pending,Gold,221.27090384474664,Mail,0,1972
78,Premium,Denied,Silver,341.52933602106293,SMS,1,3925
85,Premium,Pending,Gold,171.0589544930549,Mail,0,2258
287,None,Denied,Gold,222.40971111755593,Phone,1,4039
83,None,Denied,Bronze,146.76116682478278,Mail,1,2035
992,Basic,Denied,Silver,269.85355445547725,Phone,0,3271
790,Basic,Approved,Gold,190.03057630478963,Phone,1,857
895,None,Denied,Platinum,106.19267129178058,SMS,1,3823
399,None,Denied,Gold,198.92225426678738,Email,0,1049
324,None,Approved,Bronze,231.2418318052001,Email,1,3990
520,Premium,Approved,Platinum,220.42187099308504,SMS,1,298
917,Premium,Approved,Bronze,283.67173723966954,Mail,1,923
923,None,Pending,Gold,84.15549023674484,SMS,0,4232
6,Premium,Approved,Platinum,132.58059279880467,Phone,1,4306
732,Premium,Approved,Silver,251.18298654364298,Email,0,2799
466,Basic,Denied,Silver,141.9784817631143,SMS,1,4875
98,None,Approved,Platinum,219.23769994641654,Mail,1,4062
267,None,Pending,Platinum,6.420380207058997,SMS,1,4045
358,Premium,Approved,Bronze,417.27572578503055,Email,1,1802
869,None,Pending,Platinum,178.42251747541312,SMS,0,2713
799,Basic,Approved,Bronze,295.5165007990622,SMS,0,4506
381,Basic,Approved,Gold,173.0481739533207,Email,1,2853
632,Basic,Approved,Bronze,233.17588229847095,Phone,1,2657
382,None,Approved,Platinum,319.35357170762177,Phone,1,4522
491,None,Pending,Platinum,293.2644815366708,Email,1,3346
119,None,Pending,Gold,183.64360162518204,SMS,1,1471
901,None,Denied,Platinum,189.1796539685046,Email,1,2949
251,None,Pending,Platinum,280.28532481466283,Phone,1,941
524,Basic,Approved,Silver,386.6595523428241,Mail,1,1907
10,Premium,Denied,Silver,215.3826139519233,SMS,0,4837
197,Basic,Denied,Gold,356.56509124333127,Phone,0,1243
604,None,Denied,Bronze,180.6868471663835,SMS,0,4423
82,Basic,Approved,Silver,276.1568290807842,Email,1,1466
784,None,Pending,Bronze,288.0924609797829,Mail,1,3957
588,None,Approved,Platinum,167.20315969177813,Email,1,1966
798,Basic,Denied,Silver,140.23375365586867,Mail,0,375
240,None,Approved,Gold,291.6311350837882,SMS,1,262
291,Premium,Approved,Gold,157.47544502055547,SMS,0,4362
212,None,Pending,Gold,128.45200698596778,Email,1,3388
718,Premium,Pending,Silver,145.28323985607224,Mail,0,3395
360,Premium,Denied,Bronze,157.15093292596706,Mail,0,1944
450,None,Approved,Platinum,268.5293683700542,SMS,0,1893
228,Basic,Approved,Bronze,241.20341386209503,Email,1,3634
951,Premium,Pending,Bronze,257.2526595806313,Mail,0,1652
947,Basic,Approved,Platinum,233.7103848878466,SMS,1,4141
797,Premium,Approved,Platinum,152.4927870202689,Phone,1,3892
502,None,Approved,Silver,255.7682284726618,Email,1,599
465,None,Pending,Silver,294.5963061284243,Phone,1,4815
363,Premium,Denied,Silver,246.7602572895447,Email,1,1912
469,None,Denied,Silver,235.97247253006805,SMS,0,1292
936,Premium,Approved,Silver,138.63563947434588,Mail,1,600
429,None,Denied,Platinum,216.94536631795825,Mail,1,380
8,Basic,Pending,Bronze,134.38069364410387,Mail,1,4213
156,None,Pending,Silver,198.0777713535517,Email,1,3637
542,Basic,Denied,Silver,68.77866886197472,SMS,1,2163
441,None,Denied,Bronze,69.39532776063254,Phone,0,4355
483,Basic,Approved,Silver,184.7161848042376,SMS,0,1098
423,None,Denied,Bronze,156.1248262538408,Phone,1,365
779,Basic,Approved,Bronze,208.54297547793388,Email,0,2570
950,Premium,Approved,Platinum,189.2185136707905,Email,0,3419
335,Premium,Pending,Gold,202.41526297681241,Phone,1,2476
577,Basic,Pending,Platinum,248.68859538853923,Phone,0,790
935,None,Pending,Gold,162.93848354713342,Phone,1,3569
568,Basic,Pending,Gold,182.44449506841096,SMS,0,746
595,None,Denied,Gold,316.4016978210531,Phone,0,312
531,Premium,Pending,Silver,200.24673014600216,Email,0,4633
582,None,Denied,Platinum,185.6631620299689,Email,1,920
708,Premium,Pending,Gold,206.60101594585515,Mail,0,1077
449,None,Denied,Bronze,187.09085015923756,Phone,0,2829
454,None,Approved,Silver,143.23421656374202,SMS,1,2381
229,None,Denied,Platinum,120.15761302562237,SMS,1,3618
353,Basic,Denied,Gold,138.92549278799962,SMS,0,797
729,Basic,Pending,Bronze,269.83353494166295,Mail,1,4443
213,Premium,Denied,Platinum,149.607579622527,Email,0,272
80,Premium,Approved,Platinum,187.60603185309787,SMS,0,3010
149,Basic,Approved,Silver,256.0589028106318,Email,1,4815
303,Premium,Pending,Platinum,177.72870633512173,Mail,1,1773
629,Basic,Approved,Silver,250.6689051874922,Phone,1,2547
778,None,Denied,Gold,76.73655660553065,Phone,0,3164
507,Premium,Approved,Silver,189.39866563664827,Phone,1,4780
343,Premium,Pending,Bronze,206.3116877278807,SMS,0,4717
486,Basic,Denied,Silver,201.85109784785342,Phone,1,946
712,Premium,Pending,Bronze,67.76650417288928,SMS,0,2665
134,Premium,Denied,Silver,296.24901171446436,Mail,1,506
704,None,Approved,Platinum,131.62616440228666,Mail,0,243
312,Premium,Pending,Gold,226.8029700209974,SMS,1,505
723,None,Pending,Bronze,200.63714261178643,Email,0,4517
630,Basic,Denied,Silver,280.2967619048542,Phone,1,3158
1,Premium,Pending,Silver,374.9991063499365,Phone,1,3590
317,None,Denied,Silver,96.77084123657312,Phone,0,1872
707,Basic,Denied,Platinum,148.0868894982001,SMS,1,3793
548,Premium,Denied,Platinum,215.12739950712415,Mail,0,1192
873,Basic,Denied,Bronze,111.57173459577666,Phone,0,4425
533,Premium,Approved,Bronze,262.5746086364608,Mail,1,4745
478,Basic,Denied,Platinum,267.4698097725647,Phone,0,1464
405,Basic,Pending,Bronze,244.75592607960297,Phone,1,390
173,None,Approved,Gold,218.9265400700958,SMS,1,4476
126,Basic,Pending,Gold,309.5767022375825,Email,0,3377
395,Premium,Approved,Platinum,107.54996146649104,SMS,1,4837
421,Premium,Denied,Bronze,205.22145562740428,Phone,0,4915
553,None,Approved,Silver,140.89577050158226,Phone,0,672
904,Premium,Approved,Gold,271.1933066052135,Email,1,2560
91,Premium,Pending,Platinum,53.33270683948538,Mail,1,1211
940,Premium,Pending,Bronze,197.7532907525616,Mail,0,929
182,Basic,Denied,Platinum,226.81909496559587,Phone,0,1539
275,Basic,Approved,Silver,124.20062920209804,Mail,1,912
896,Premium,Approved,Gold,149.90479742227467,Phone,1,643
70,None,Approved,Platinum,201.23031850976847,Email,1,4522
292,Basic,Denied,Platinum,276.4077103553181,Email,1,501
132,None,Denied,Platinum,117.3704617130357,Phone,0,729
301,Premium,Denied,Silver,131.3240047700251,Email,1,1283
425,Premium,Denied,Platinum,290.0470216832275,SMS,0,2118
327,Basic,Denied,Silver,178.1619680064132,SMS,0,4552
145,Premium,Pending,Silver,137.7968768124018,Email,1,4386
424,Basic,Approved,Silver,258.29478377735325,Phone,0,3836
581,Premium,Approved,Gold,160.94424022142024,Phone,1,919
136,Premium,Approved,Gold,282.1937228271019,Email,0,4050
451,Basic,Approved,Platinum,146.90236984162303,Mail,1,2339
165,Basic,Approved,Platinum,187.23243505400032,SMS,0,755
29,Basic,Approved,Gold,275.5977332310985,Mail,0,1869
774,Premium,Approved,Bronze,181.8991303060999,Phone,1,4472
194,Premium,Approved,Gold,260.48426576629174,Phone,1,507
389,None,Pending,Silver,194.7561914575196,Mail,0,1436
853,Basic,Approved,Gold,358.5353445120023,Email,0,2575
170,Premium,Pending,Silver,325.5022883282279,Mail,1,3426
706,Premium,Denied,Platinum,93.75229900530016,Mail,0,558
141,Basic,Approved,Bronze,241.77949449984078,SMS,1,3102
174,None,Denied,Platinum,134.68768111191667,SMS,0,4516
7,Basic,Denied,Silver,215.32055510341846,Mail,1,3622
746,None,Denied,Silver,205.46965034482088,Mail,0,4399
479,Premium,Pending,Silver,115.569038632601,Phone,1,4057
74,None,Denied,Bronze,284.678763482426,SMS,1,3715
911,Premium,Denied,Gold,216.264235485526,SMS,0,1301
814,Basic,Denied,Platinum,177.22535714619332,Phone,1,2155
239,Basic,Approved,Platinum,164.95121406051243,Email,0,692
146,Basic,Approved,Gold,211.18215758129884,SMS,1,4350
793,None,Pending,Platinum,232.63400140114283,SMS,1,1478
235,Premium,Pending,Bronze,190.0019370913387,Email,1,256
221,Basic,Approved,Platinum,-26.601565662096675,SMS,0,2430
924,Basic,Pending,Silver,201.3512572993987,SMS,1,441
501,Premium,Approved,Gold,84.6814350712178,Email,0,1881
133,Basic,Denied,Bronze,183.24379474807395,Email,1,2646
991,Premium,Denied,Gold,87.63485943442866,Mail,0,3820
775,Premium,Pending,Bronze,86.6801891936426,Phone,0,4677
186,Premium,Approved,Silver,298.80974575588226,Phone,0,1735
42,Premium,Approved,Gold,174.39264152444878,Email,1,3735
697,Premium,Pending,Platinum,168.26702721424658,Email,0,2645
109,None,Approved,Bronze,238.6019239062873,SMS,1,18
589,Basic,Denied,Gold,170.35275815420385,Mail,0,1124
57,None,Pending,Platinum,368.30448737019276,Mail,0,3985
406,Basic,Pending,Gold,178.15841914191844,Email,0,2654
443,None,Approved,Gold,229.21003295864085,SMS,0,2080
758,Premium,Pending,Gold,277.67530651014886,SMS,1,1547
998,Basic,Approved,Bronze,328.1802580485528,Phone,0,861
25,Basic,Approved,Platinum,140.6395091473888,Phone,0,154
468,None,Approved,Silver,166.56291969290842,SMS,1,3494
540,None,Approved,Bronze,301.9673500234812,Phone,0,904
532,Basic,Approved,Bronze,264.8049843242153,Email,0,1269
619,None,Pending,Bronze,286.0140748534767,SMS,0,404
695,None,Denied,Silver,90.50363651522653,Phone,0,843
927,None,Denied,Platinum,323.8399803139215,Mail,1,1782
339,Premium,Pending,Platinum,139.0873965372156,SMS,1,1564
52,Premium,Pending,Platinum,215.38343825135166,SMS,0,1184
508,None,Denied,Gold,188.14216979265836,Mail,1,746
517,None,Denied,Gold,129.7213730761544,Email,1,1725
921,Premium,Denied,Gold,86.99713892631976,Mail,0,3188
782,Premium,Denied,Silver,60.492150669368186,SMS,1,270
265,Basic,Denied,Gold,209.52147248431797,Email,0,4865
818,Basic,Approved,Silver,77.97447278132354,Phone,1,3956
711,Premium,Pending,Platinum,109.29475239304935,Phone,1,171
683,None,Approved,Gold,182.5571297441424,Phone,1,273
833,None,Denied,Gold,-11.104680020791989,SMS,0,2306
519,None,Denied,Bronze,262.3183769635201,Mail,1,1158
448,None,Denied,Silver,7.208946631455376,Email,0,1706
19,Basic,Approved,Platinum,193.81020869337817,Phone,0,1771
716,Premium,Approved,Bronze,201.20153812754316,Email,1,421
484,None,Denied,Bronze,243.04493761454472,SMS,0,1209
569,Basic,Approved,Platinum,196.6655358088085,Phone,1,4675
434,None,Approved,Bronze,361.43263710665906,SMS,0,890
368,Premium,Denied,Silver,217.30535052548007,Mail,0,4817
84,Basic,Approved,Silver,284.2889919394928,SMS,1,3267
62,Premium,Pending,Gold,142.12297529037698,SMS,1,4976
639,Premium,Pending,Bronze,209.6605444951574,Mail,1,1473
273,Basic,Pending,Gold,323.8056076023141,Email,1,3243
286,Basic,Pending,Bronze,180.98439002482874,Mail,0,4478
361,Basic,Denied,Silver,215.37878113561848,Mail,0,2181
355,Basic,Denied,Silver,278.468275930998,SMS,0,1449
457,Basic,Denied,Silver,140.62163838466924,Email,1,3096
279,Basic,Pending,Bronze,27.075173334464523,Phone,0,3256
13,Basic,Pending,Silver,220.4458922969895,Mail,1,3156
183,None,Approved,Bronze,279.0935335486402,Email,0,1590
369,Premium,Approved,Gold,91.8843388086423,Mail,1,4239
882,Basic,Pending,Bronze,253.6175917821871,Mail,0,3981
616,None,Pending,Gold,254.157310987163,Mail,0,1435
224,None,Pending,Bronze,18.12029927077566,Mail,1,223
573,None,Pending,Gold,125.09690940745821,SMS,0,219
971,Premium,Approved,Silver,168.33369754146702,Email,1,4274
654,Basic,Pending,Gold,185.63007998118104,Email,0,1654
546,None,Approved,Silver,140.5492588185613,Email,0,4528
583,Premium,Pending,Silver,136.23977571342544,Mail,1,264
634,Premium,Pending,Gold,333.7186312945674,SMS,1,953
177,Premium,Pending,Bronze,191.39526945128733,Mail,0,4524
666,None,Approved,Bronze,144.39650718802085,Mail,0,3733
674,Basic,Approved,Platinum,196.706441846996,Email,0,2774
586,None,Denied,Bronze,242.96726664489148,Mail,0,3124
874,None,Pending,Platinum,204.13011013689663,Phone,0,479
394,Basic,Denied,Bronze,183.54179273376215,Mail,0,3514
164,Basic,Denied,Bronze,147.99866650636375,Phone,1,1353
249,Basic,Approved,Silver,147.02953236259208,Mail,1,3322
635,Premium,Approved,Platinum,152.17532908117124,SMS,1,3878
886,Basic,Denied,Bronze,227.10516806485896,SMS,0,889
670,None,Pending,Platinum,120.46559260785702,Email,0,3854
376,Basic,Approved,Silver,231.46153787761776,Mail,0,924
413,None,Pending,Silver,313.0395804501464,Phone,1,2170
75,Premium,Pending,Platinum,226.05658862505598,Phone,1,1902
114,None,Denied,Silver,170.43315768662904,Mail,0,4873
599,None,Denied,Gold,96.14984919562957,Phone,0,2395
962,Basic,Denied,Gold,326.24854463292115,SMS,1,28
391,Basic,Denied,Silver,106.39858795208701,Phone,1,34
105,None,Approved,Gold,267.8849627580598,Email,1,3589
115,Basic,Approved,Bronze,251.08142884755884,SMS,0,2670
418,Premium,Denied,Platinum,181.05851176287524,SMS,0,3365
526,Premium,Approved,Bronze,178.96169569754576,SMS,0,588
458,Basic,Denied,Platinum,53.14309807671836,Mail,1,3218
410,Premium,Pending,Silver,226.40520006500972,Mail,1,3138
93,Basic,Pending,Bronze,249.5941065916644,SMS,0,903
931,None,Pending,Silver,112.87359070817564,Mail,0,4086
90,None,Denied,Silver,187.53428205367177,Phone,1,2169
337,Premium,Pending,Platinum,203.02895320071602,Mail,0,339
989,Basic,Approved,Platinum,246.76581023596543,Mail,1,4270
922,Basic,Pending,Platinum,200.30424608985498,SMS,1,1714
934,Premium,Pending,Bronze,69.89445168307327,Email,0,4692
606,None,Pending,Gold,157.60497844300085,Email,1,4546
594,Premium,Approved,Platinum,217.97006283112157,Email,0,556
612,None,Denied,Platinum,267.32226736318074,Phone,1,3087
95,Basic,Approved,Bronze,150.58907124846024,Mail,1,3266
12,None,Denied,Platinum,375.01198996400154,Email,0,3567
397,Premium,Denied,Bronze,48.442154493042835,SMS,1,2056
534,Basic,Pending,Silver,154.90398599536792,Email,0,3899
44,Premium,Denied,Platinum,193.35731172057814,Email,0,1016
43,Premium,Approved,Platinum,183.94006691577087,Mail,1,2062
330,None,Approved,Silver,101.42861361481339,Mail,0,838
168,Premium,Denied,Silver,235.8289398201435,Mail,0,1637
498,None,Pending,Silver,229.68752410511377,Phone,0,4321
877,Basic,Pending,Platinum,203.83691567852372,Phone,0,3496
598,None,Approved,Gold,226.54750906068125,Email,0,1813
757,Basic,Pending,Gold,166.09788708415755,Mail,0,3479
101,None,Denied,Gold,70.61096399131458,Email,1,1451
427,Premium,Denied,Platinum,142.66881039582043,SMS,0,2313
179,None,Approved,Silver,212.5643665127553,SMS,1,1514
445,None,Denied,Platinum,213.01955318771167,Mail,1,1231
417,Basic,Approved,Silver,203.31032420686782,Mail,0,1645
871,Premium,Denied,Platinum,243.89666143880254,SMS,1,2999
883,None,Approved,Platinum,153.5083163639987,Mail,1,3440
681,Premium,Pending,Silver,202.13448456884288,Phone,0,4056
178,None,Denied,Gold,245.7674222723937,Phone,0,305
396,None,Denied,Silver,193.20881451981174,Mail,0,3536
912,Premium,Approved,Bronze,100.53408572751209,SMS,1,1723
794,None,Approved,Bronze,123.08093042755699,Email,1,1689
961,Premium,Denied,Silver,266.46818594234935,Mail,0,1517
685,None,Approved,Platinum,311.3977730354058,Mail,0,3917
384,Basic,Denied,Bronze,294.0226486259239,Email,1,419
957,Premium,Pending,Bronze,218.5724759793628,Mail,1,2936
752,None,Approved,Platinum,103.74939183866458,Email,1,3862
258,None,Denied,Platinum,199.4918754581705,SMS,1,4229
539,Basic,Pending,Gold,324.98041055603375,Phone,0,1450
336,Premium,Pending,Platinum,249.47907043651804,SMS,1,3096
16,None,Denied,Silver,183.4017981852902,Phone,1,3261
325,Basic,Approved,Silver,250.29001862729731,Email,1,1164
759,None,Denied,Gold,98.44838347075162,Phone,1,1869
223,Premium,Pending,Bronze,144.34628977214385,SMS,0,1819
180,None,Denied,Bronze,113.26468871821402,Phone,0,2705
984,None,Approved,Platinum,237.56574546787462,Email,1,3515
23,None,Pending,Silver,257.1282799776074,Phone,1,1342
357,None,Denied,Bronze,187.69391782413066,Mail,0,2226
667,Basic,Approved,Gold,130.16562586083472,SMS,0,1079
862,Basic,Pending,Gold,198.4200725172298,Mail,1,4206
341,Premium,Approved,Silver,161.0736087460954,Email,1,4563
432,Basic,Pending,Gold,136.3063436245004,Phone,0,2779
552,Basic,Denied,Gold,227.11949482473972,Mail,0,2528
834,Premium,Approved,Silver,139.36062219850612,Mail,0,813
204,Basic,Pending,Platinum,74.6920213628726,Phone,0,2031
631,Basic,Approved,Platinum,92.47084237094505,Phone,0,322
94,Premium,Approved,Gold,71.73916265472403,SMS,0,2969
559,Premium,Denied,Platinum,219.80095332609636,Mail,1,903
69,Premium,Approved,Platinum,212.03243505409313,Mail,0,1541
623,None,Pending,Gold,208.04160756065295,Email,0,3503
285,None,Pending,Platinum,247.0185321983954,SMS,0,2653
845,Premium,Pending,Gold,295.35670848936934,Email,0,2476
435,Premium,Pending,Bronze,152.61867753399076,Mail,1,3340
154,Premium,Denied,Silver,232.51819817907347,Email,1,4243
76,None,Approved,Silver,73.63075940752985,Mail,0,1141
731,None,Denied,Platinum,310.29677970106803,Mail,1,849
447,Basic,Approved,Platinum,100.41350094254744,Email,1,366
189,Basic,Approved,Platinum,143.193510476765,Email,1,2897
272,Premium,Approved,Silver,152.1832389013526,Phone,1,1089
237,None,Denied,Bronze,77.89832026222302,Phone,1,4041
488,None,Approved,Bronze,202.60604619268494,Phone,1,2038
118,None,Denied,Silver,217.11230945611854,Mail,0,2860
944,Premium,Pending,Bronze,184.846906321476,Email,0,4270
513,Basic,Pending,Silver,76.78018943751385,SMS,0,1854
826,Premium,Approved,Bronze,358.6708987881369,Mail,0,4683
592,Basic,Denied,Gold,243.93846372013184,SMS,0,494
127,Basic,Pending,Gold,410.7377634919967,Email,1,3182
117,Premium,Denied,Silver,135.5912608090966,Mail,0,1784
474,Basic,Denied,Bronze,276.63057825415814,SMS,0,3510
694,Basic,Approved,Platinum,262.3419109915331,SMS,1,3786
58,None,Pending,Bronze,176.75399175221102,Phone,1,4130
864,Basic,Approved,Gold,312.8840720847379,Phone,0,998
913,Premium,Approved,Gold,167.5671993908977,Phone,1,4469
370,Premium,Pending,Bronze,171.12868644603142,Mail,1,1451
269,Basic,Pending,Bronze,-77.71439135507063,Email,1,1751
47,None,Denied,Platinum,232.722244299411,Email,1,2280
350,None,Pending,Platinum,93.95920706540748,Phone,0,4800
196,Basic,Denied,Bronze,155.94230434435912,Phone,1,4658
1000,Basic,Denied,Bronze,117.9024289003978,Phone,0,2934
835,Premium,Denied,Bronze,170.70147685453907,SMS,0,3734
737,Basic,Pending,Bronze,235.51041841739485,Phone,1,3346
264,None,Approved,Silver,200.8913250439006,SMS,1,1873
444,Basic,Denied,Bronze,256.7713032404646,Email,1,4534
676,Premium,Approved,Platinum,301.2503628468505,Mail,0,3803
305,Premium,Approved,Gold,170.49632506577316,Mail,1,1979
342,Premium,Pending,Silver,161.7146206387109,Mail,1,698
967,Premium,Approved,Bronze,276.6182122929608,Mail,1,1312
150,Premium,Approved,Gold,282.96378309919436,SMS,1,2962
125,Basic,Pending,Silver,259.24726944824374,SMS,1,2938
787,Basic,Denied,Gold,123.82569546085205,Phone,0,4787
51,Basic,Approved,Bronze,233.8124052401283,SMS,1,2300
354,Basic,Pending,Bronze,208.75764832378312,Phone,1,3197
928,Premium,Approved,Platinum,284.2023153079731,Phone,1,126
143,None,Approved,Bronze,154.17023283698012,Mail,0,1191
471,Basic,Denied,Bronze,66.67117670800673,SMS,1,2639
400,None,Approved,Silver,255.2189440304218,SMS,0,4389
626,Basic,Pending,Platinum,-4.66947066056818,Phone,0,3916
321,Basic,Approved,Silver,141.4789276882936,Phone,1,1366
20,None,Denied,Gold,118.14435909453644,Email,1,1019
810,Premium,Denied,Bronze,117.60522632754025,Email,1,4079
791,Basic,Pending,Gold,140.07748232359233,Phone,0,4514
809,Basic,Denied,Silver,297.3898855801304,Email,0,4539
408,Basic,Approved,Bronze,265.64443352050984,Email,0,684
538,None,Denied,Bronze,179.8615454405996,Phone,0,3629
621,Premium,Pending,Silver,290.6898777487239,Phone,0,2887
39,None,Denied,Silver,115.01622758669008,SMS,0,1462
176,None,Denied,Silver,104.13732914022734,Phone,1,4086
246,Premium,Denied,Silver,269.08773273972724,Phone,1,2261
829,None,Pending,Silver,246.37145834581176,Mail,0,4180
668,Premium,Denied,Bronze,163.17892787333415,SMS,1,2841
755,Basic,Denied,Silver,109.16312850414955,SMS,1,1767
859,Premium,Approved,Bronze,316.7785500030352,SMS,0,4180
155,Basic,Pending,Bronze,62.391795924174545,Mail,0,3560
288,None,Denied,Silver,152.12592517251517,Phone,1,2112
603,None,Pending,Silver,218.2861222014318,SMS,0,4758
570,Basic,Denied,Platinum,344.17318467451565,SMS,0,626
744,None,Denied,Bronze,230.64801696585764,Email,1,4159
18,Premium,Denied,Silver,238.4243722410639,SMS,0,3414
128,Basic,Approved,Silver,154.44930398814984,Phone,1,1375
323,None,Approved,Silver,245.47841802196785,Phone,1,1181
256,Basic,Approved,Platinum,208.42474567032696,Email,1,490
658,Premium,Pending,Platinum,72.92283676659535,SMS,1,3729
965,Premium,Pending,Gold,263.4347882794486,SMS,1,3534
191,None,Approved,Bronze,277.6314711877481,SMS,0,3296
116,Premium,Pending,Gold,264.269203905693,Mail,0,1940
617,Basic,Denied,Silver,202.66623405326416,SMS,0,4408
607,Premium,Denied,Platinum,123.50584934802822,Phone,0,1882
181,Basic,Denied,Platinum,15.265301497210771,Phone,1,4908
302,Basic,Approved,Gold,212.56428843211606,Mail,1,2987
760,Premium,Pending,Platinum,286.55536477926796,Mail,0,3159
713,None,Approved,Silver,279.64259752664645,SMS,1,4775
724,Premium,Pending,Platinum,265.28582747150784,Email,0,4530
686,Basic,Denied,Gold,194.06312171604873,Mail,0,681
980,Basic,Approved,Silver,286.99713392251977,Mail,0,1073
518,Premium,Pending,Gold,273.9329459084722,SMS,1,2387
985,None,Pending,Platinum,166.18931514227535,SMS,1,2394
46,None,Denied,Gold,254.12784132926777,Mail,1,2693
910,Basic,Approved,Gold,157.12326836725666,Email,1,1370
158,Basic,Approved,Bronze,243.20193852935375,Mail,0,4744
852,None,Approved,Platinum,96.07066845591463,SMS,1,4340
172,Premium,Denied,Platinum,102.22305530616629,SMS,1,2156
17,Basic,Approved,Gold,284.6565637555126,Mail,1,2580
512,Basic,Denied,Bronze,275.0048097763812,Email,0,4391
49,None,Denied,Platinum,250.6889232460665,Mail,0,2159
972,Premium,Denied,Silver,207.03750568422643,Mail,1,3248
941,None,Pending,Gold,8.698045518068113,SMS,1,3731
516,Premium,Approved,Platinum,194.00992494348083,Email,1,3829
953,Premium,Approved,Silver,236.33465337518703,Phone,1,1627
481,Premium,Denied,Platinum,157.22134019523267,Email,0,3472
284,Basic,Denied,Silver,143.000464575341,Mail,1,27
719,None,Approved,Gold,315.5536310522953,Mail,1,1985
878,None,Denied,Platinum,195.17688068867105,Mail,1,4153
226,Premium,Approved,Platinum,236.38361357139044,Email,0,1521
27,Basic,Pending,Bronze,261.9305169295492,SMS,0,296
955,Basic,Denied,Gold,119.88503387959378,Mail,1,2181
438,None,Approved,Silver,215.4565938171355,Mail,1,3402
952,Basic,Denied,Platinum,305.57155955818394,Email,1,2296
365,Basic,Approved,Platinum,345.53785466397767,Phone,1,2597
230,Premium,Approved,Silver,203.19491177717524,Phone,1,901
38,Basic,Denied,Gold,180.96451621223403,SMS,0,1098
966,Premium,Pending,Bronze,221.52192545100266,SMS,0,1677
375,None,Approved,Bronze,219.4909637622017,Mail,0,2881
470,Basic,Approved,Platinum,310.9406452904923,Email,1,4866
968,None,Approved,Silver,120.28866486663462,Mail,0,1378
851,None,Pending,Platinum,177.61015310671826,SMS,0,1248
705,Basic,Pending,Silver,110.62869384987917,Email,0,3735
842,Basic,Denied,Bronze,119.03240913619383,Email,1,4241
195,None,Pending,Gold,230.12592121112993,SMS,1,1264
855,Basic,Denied,Silver,264.78862733096213,Phone,0,1907
865,Premium,Denied,Bronze,148.0486645005004,Phone,1,1058
504,Premium,Pending,Platinum,261.76758311802314,Email,0,2749
970,Basic,Denied,Silver,288.92629257055745,Mail,0,2048
831,None,Pending,Gold,354.77647987467117,Phone,0,4248
580,Basic,Denied,Platinum,205.57974790728392,Mail,0,2476
969,Basic,Pending,Platinum,148.81883780446935,Phone,1,4016
163,None,Pending,Bronze,119.80224547152842,Phone,1,4603
909,None,Denied,Silver,111.85654416640851,Mail,1,3197
153,Premium,Approved,Platinum,299.98245611228856,SMS,1,4586
802,None,Denied,Gold,78.79237256354797,Phone,0,3553
994,Premium,Pending,Silver,297.419878852096,Phone,1,4440
756,None,Approved,Gold,130.5247176598281,Mail,0,1761
112,Basic,Denied,Platinum,145.18350417124753,SMS,1,220
227,Premium,Denied,Gold,187.87556359920163,Phone,1,4818
689,Premium,Denied,Bronze,143.7076360346791,Phone,1,4623
104,Premium,Approved,Gold,274.558380396766,SMS,0,2888
422,Basic,Pending,Silver,345.067516158622,Phone,0,1664
420,Basic,Denied,Gold,147.40542739574897,SMS,0,3986
751,Basic,Denied,Gold,165.42097286682986,SMS,0,4576
587,Basic,Denied,Bronze,186.93433541728814,Mail,1,2977
781,Basic,Denied,Gold,243.284541079411,Email,0,1871
673,Premium,Denied,Gold,187.7212576835315,SMS,0,1462
120,Basic,Pending,Platinum,310.9805928842077,Mail,1,344
54,Premium,Pending,Platinum,291.72991332495417,Email,1,44
152,Basic,Denied,Silver,105.16301171239199,Phone,0,2068
404,None,Approved,Platinum,241.6774532459863,Email,1,1514
946,Premium,Pending,Platinum,321.6271389847602,SMS,0,2598
208,None,Approved,Platinum,160.41752433864934,SMS,1,1001
659,Premium,Pending,Platinum,176.45881025651548,SMS,0,1033
844,None,Denied,Bronze,157.75704017176358,SMS,0,2040
763,Basic,Pending,Platinum,159.43395075811955,SMS,0,273
9,Basic,Denied,Bronze,66.52387584711616,Mail,0,2647
808,Basic,Pending,Bronze,93.73480388279594,SMS,0,1779
37,Premium,Denied,Platinum,206.1978974989784,Mail,1,4476
453,None,Denied,Gold,321.08783797222225,Phone,0,478
652,Basic,Denied,Bronze,150.93113499853737,SMS,0,515
254,None,Denied,Gold,148.57941576411537,SMS,0,4286
304,None,Approved,Gold,336.1216856336588,Email,0,1191
747,Basic,Denied,Platinum,111.33940305472106,Phone,0,2668
572,Basic,Approved,Silver,67.10054698348625,SMS,1,1411
624,None,Approved,Platinum,133.718765109,SMS,1,3280
733,Basic,Denied,Silver,146.9772416964507,Phone,0,271
892,Basic,Approved,Silver,60.203753224394774,Mail,1,142
263,Basic,Pending,Platinum,189.7566634980311,SMS,0,3332
611,Premium,Denied,Platinum,275.87570798892284,Email,1,787
298,None,Approved,Silver,97.12361810281391,SMS,1,1681
415,None,Denied,Platinum,207.00625751628712,Email,0,622
151,Premium,Denied,Silver,231.67485405014185,Email,1,3841
789,None,Denied,Gold,193.32925797805655,SMS,1,3676
641,Basic,Approved,Platinum,214.85540717928475,SMS,0,2572
890,None,Pending,Gold,215.78618100761688,Email,0,3260
551,Basic,Pending,Bronze,134.98176344652543,Phone,1,4712
887,Premium,Approved,Gold,319.88660576094946,Phone,1,66
489,Basic,Denied,Gold,299.82054672609723,SMS,1,4286
148,None,Approved,Silver,295.1929117792934,Mail,0,4616
147,None,Approved,Gold,281.0940592435091,Phone,1,1140
721,None,Approved,Platinum,74.00164244535809,SMS,1,2314
932,Premium,Denied,Silver,274.0849902249573,Phone,1,2532
740,Premium,Approved,Bronze,252.44811420396064,Mail,0,3580
660,None,Denied,Platinum,77.07811080449733,SMS,0,1187
349,Basic,Approved,Bronze,182.80717158799374,Mail,0,4471
464,Premium,Pending,Gold,222.14347594602307,SMS,0,4748
326,None,Approved,Platinum,333.1453678499708,Mail,1,3339
187,None,Approved,Platinum,257.9779086315407,Phone,0,548
124,Premium,Pending,Bronze,130.83474181773587,Phone,1,4087
854,Premium,Denied,Platinum,335.631076676157,Mail,1,72
609,Premium,Denied,Platinum,203.50238101711113,Mail,1,198
144,Basic,Approved,Platinum,179.53270904775266,Mail,1,3201
959,Basic,Pending,Gold,173.83054427289503,SMS,0,1781
198,None,Denied,Bronze,70.11558095814934,Phone,0,571
610,Premium,Approved,Platinum,191.21843969470862,SMS,0,790
280,Basic,Pending,Silver,239.79882058445264,Phone,0,1638
294,Premium,Denied,Silver,169.16933379798274,Email,0,1831
401,None,Denied,Silver,233.63619817980467,SMS,1,1855
123,Basic,Pending,Silver,130.84871432686555,Phone,0,1174
184,Basic,Pending,Gold,188.7257668577904,Phone,0,3740
203,Basic,Pending,Platinum,225.32322612869055,SMS,0,3277
439,None,Pending,Bronze,215.17287016507368,SMS,0,178
247,Premium,Approved,Platinum,71.5627928224763,Phone,1,2244
416,Basic,Pending,Gold,164.87952393030173,SMS,1,4086
933,None,Denied,Silver,334.1970344250085,Mail,1,734
766,Premium,Denied,Gold,160.60431405355857,SMS,1,798
907,None,Approved,Platinum,201.26460352894716,SMS,1,787
836,Premium,Denied,Bronze,193.05953995608445,SMS,0,2795
888,None,Denied,Gold,325.4591807135721,Phone,1,4304
130,Premium,Pending,Bronze,303.22944977557364,Mail,1,4588
638,Basic,Denied,Gold,264.6024799855048,Email,1,3084
403,Premium,Approved,Bronze,122.1406149301973,Email,0,2918
785,None,Pending,Bronze,228.7346439353664,Mail,0,731
771,None,Pending,Silver,245.43533944601054,Mail,1,1129
736,Premium,Approved,Bronze,144.11161315231567,Mail,0,3446
914,Basic,Pending,Silver,130.3586315321849,Phone,0,1605
220,Basic,Pending,Platinum,336.4011317765624,Email,1,3778
642,Premium,Approved,Platinum,175.9357350226457,Mail,0,2745
916,Premium,Pending,Silver,329.19814551289187,Phone,0,3170
753,None,Approved,Silver,279.7675004395627,Email,0,4689
807,Basic,Approved,Gold,232.6301425900257,SMS,1,2933
920,Premium,Denied,Gold,236.20251490875876,Phone,1,1215
625,Basic,Denied,Gold,87.96643517353858,Email,1,324
875,Premium,Pending,Platinum,216.54198238675332,Phone,0,1850
761,Premium,Pending,Gold,313.3616330385301,Email,1,1490
387,Basic,Approved,Bronze,254.5071602548487,Email,0,893
973,Premium,Pending,Bronze,212.34693496515283,SMS,0,1390
510,Premium,Approved,Gold,336.9549756653624,Phone,0,3389
268,None,Approved,Bronze,185.19674218713567,Mail,1,4239
820,Premium,Pending,Platinum,150.43554599826524,SMS,1,4479
442,Premium,Approved,Bronze,212.30655328626057,SMS,1,2263
497,Premium,Denied,Platinum,261.31738944892766,Email,1,3432
113,None,Pending,Silver,62.57647233533913,Mail,0,2371
692,Basic,Denied,Silver,222.7894914792334,Phone,1,3086
233,None,Pending,Silver,264.8276012429048,Mail,0,4312
870,None,Approved,Silver,178.42866997625111,Mail,1,1515
608,Basic,Pending,Bronze,288.5571813042113,Mail,1,2917
672,None,Denied,Gold,251.2949329928856,Mail,1,2352
374,Basic,Approved,Bronze,371.3106494808862,Mail,0,1167
982,None,Pending,Platinum,139.9517681935028,Email,0,110
843,Basic,Pending,Bronze,266.4567880396871,Email,0,4327
234,Premium,Pending,Bronze,118.61408737620762,SMS,0,3655
786,None,Denied,Platinum,70.77068389786191,Email,0,3793
677,None,Denied,Silver,37.157532574570155,SMS,1,1755
318,None,Pending,Silver,243.06592179175414,SMS,0,1577
649,None,Approved,Silver,214.7398331155282,Phone,0,1296
411,Premium,Approved,Gold,161.6759154110597,Mail,0,3774
899,None,Denied,Platinum,58.11965328403096,Email,0,2220
710,Premium,Approved,Platinum,144.76906990890592,Phone,1,972
359,Premium,Denied,Bronze,200.3274406140365,Email,0,1030
259,Premium,Pending,Gold,263.45354934344783,SMS,1,2593
745,Premium,Denied,Silver,198.67713998018993,Email,1,3992
628,Basic,Denied,Gold,220.1648274164222,Mail,1,4613
633,Basic,Pending,Platinum,169.90940952206913,SMS,0,913
283,None,Approved,Platinum,339.93793620217235,SMS,1,2181
377,Basic,Denied,Bronze,118.54002845374177,Phone,0,3197
385,Basic,Denied,Bronze,144.06094261718977,Mail,0,1462
225,None,Pending,Platinum,160.61135408051896,SMS,0,2378
954,None,Approved,Silver,243.41635183813793,Mail,0,3454
815,None,Denied,Silver,116.89121681704955,Email,0,3553
473,Basic,Pending,Gold,210.8574872438399,Mail,1,1307
348,Basic,Denied,Platinum,213.1928114741246,SMS,1,4994
506,None,Pending,Platinum,144.4513623413296,Phone,0,1189
640,Premium,Approved,Silver,226.39835687654855,SMS,1,687
988,None,Approved,Silver,119.3748881010055,Mail,0,4661
929,Premium,Approved,Platinum,110.63406860306031,Mail,1,1207
906,Premium,Approved,Bronze,207.96846052171526,SMS,1,1894
620,None,Denied,Platinum,67.21955316175499,Mail,1,4922
856,None,Denied,Platinum,28.415783795980985,Email,1,1811
804,None,Approved,Silver,242.62666406374404,SMS,1,3183
646,Basic,Approved,Silver,283.9175954072936,Phone,0,3797
847,Premium,Approved,Bronze,162.65575050459768,SMS,0,1644
